Taille,Insertion en clair,Insertion chiffrée,Lecture en clair,Lecture chiffrée,Lecture déchiffrée
100,0.03368067741394043,0.15458369255065918,0.0010008811950683594,0.0010042190551757812,0.12899994850158691
500,0.11699938774108887,0.6410365104675293,0.0010044574737548828,0.0009732246398925781,0.480985164642334
1000,0.22510838508605957,1.2549238204956055,0.0009634494781494141,0.002047300338745117,0.9389984607696533
5000,1.008800983428955,6.529333114624023,0.006000995635986328,0.00799107551574707,4.82685661315918
