Taille,Temps Insertion (s),Temps Lecture (s)
100,0.18991923332214355,0.2590017318725586
500,0.8729124069213867,0.979241132736206
1000,1.9620959758758545,2.238950252532959
5000,8.316486597061157,9.82131814956665
10000,18.16863226890564,27.694141149520874
